country,year,life_expectancy,maternal_mortality_ratio,uhc_index,doctors_per_10000,pharmacists_per_10000,basic_water_access_pct,ncd_mortality_30_70
Afghanistan,2019,63.21,,,,,,
Afghanistan,2015,61.65,701.0,34.0,2.85,5.0,52.39,29.8
Afghanistan,2010,59.94,954.0,,2.37,2.8000000000000003,40.52,31.7
Afghanistan,2000,54.99,1450.0,,,,21.62,34.4
Albania,2019,78.0,,,,,,
Albania,2015,77.84,15.0,58.0,,,89.88,17.4
Albania,2010,76.25,21.0,,12.35,44.900000000000006,82.29,18.6
Albania,2000,73.55,23.0,,13.82,34.300000000000004,81.78,19.4
Algeria,2019,77.13,,,,,,
Algeria,2015,76.54,114.0,76.0,,,88.69,14.4
Algeria,2010,75.85,115.0,,,,86.9,15.4
Algeria,2000,72.21,161.0,,,,83.32,
Angola,2019,63.06,,,,,,
Angola,2015,61.72,251.0,38.0,,,26.71,16.9
Angola,2010,58.07,326.0,,,,24.88,18.1
Angola,2000,49.3,827.0,,,,21.15,24.0
Antigua and Barbuda,2019,76.45,,,,,,
Antigua and Barbuda,2015,76.14,43.0,73.0,,,96.74,22.6
Antigua and Barbuda,2010,75.95,44.0,,,,97.09,21.6
Antigua and Barbuda,2000,74.56,44.0,,,,98.25,23.4
Argentina,2019,76.58,,,,,,
Argentina,2015,76.17,41.0,76.0,,,92.98,16.1
Argentina,2010,75.44,51.0,,,,90.22,17.8
Argentina,2000,74.09,66.0,,,,76.4,20.6
Armenia,2019,76.03,,,,,,
Armenia,2015,74.51,28.0,66.0,29.14,4.9,99.6,23.0
Armenia,2010,73.12,32.0,,28.42,4.3,96.14,25.9
Armenia,2000,71.88,43.0,,27.01,3.5,88.56,27.8
Australia,2019,83.04,,,,,,
Australia,2015,82.28,6.0,86.0,34.89,84.7,100.0,9.3
Australia,2010,81.9,5.0,,33.43,86.8,99.71,10.0
Australia,2000,79.69,7.0,,,,99.06,13.1
Austria,2019,81.65,,,,,,
Austria,2015,80.98,5.0,79.0,51.04,70.3,100.0,11.5
Austria,2010,80.39,5.0,,48.02,66.3,100.0,12.2
Austria,2000,78.17,6.0,,38.49,56.2,100.0,15.3
Azerbaijan,2019,71.43,,,,,,
Azerbaijan,2015,70.67,27.0,63.0,,,79.28,22.5
Azerbaijan,2010,69.03,31.0,,36.63,20.299999999999997,73.56,24.8
Azerbaijan,2000,65.52,47.0,,35.74,29.2,54.93,29.3
Bahamas,2019,73.21,,,,,,
Bahamas,2015,72.92,74.0,73.0,,,98.89,15.6
Bahamas,2010,72.96,78.0,,,,98.67,16.9
Bahamas,2000,70.94,75.0,,,,98.25,20.1
Bahrain,2019,75.81,,,,,,
Bahrain,2015,76.46,15.0,75.0,9.26,16.200000000000003,100.0,11.7
Bahrain,2010,74.52,18.0,,9.49,15.8,100.0,13.8
Bahrain,2000,70.47,27.0,,10.2,19.099999999999998,99.9,23.5
Bangladesh,2019,74.25,,,,,,
Bangladesh,2015,73.58,200.0,46.0,4.86,7.800000000000001,96.43,21.7
Bangladesh,2010,70.29,258.0,,3.64,8.299999999999999,95.75,22.2
Bangladesh,2000,65.59,434.0,,,,94.15,21.4
Barbados,2019,76.03,,,,,,
Barbados,2015,76.22,31.0,76.0,,,98.47,16.3
Barbados,2010,75.88,36.0,,,,98.42,18.0
Barbados,2000,74.5,50.0,,13.44,,98.32,21.0
Belarus,2019,74.81,,,,,,
Belarus,2015,73.82,3.0,74.0,51.91,36.3,95.94,24.5
Belarus,2010,70.39,5.0,,32.5,29.0,97.22,31.0
Belarus,2000,68.85,22.0,,33.0,32.400000000000006,98.88,34.0
Belgium,2019,81.42,,,,,,
Belgium,2015,80.71,5.0,83.0,30.14,120.9,100.0,11.6
Belgium,2010,79.85,6.0,,29.09,115.5,100.0,12.8
Belgium,2000,77.66,8.0,,28.2,104.3,100.0,15.2
Belize,2019,74.41,,,,,,
Belize,2015,74.05,43.0,66.0,,,95.65,22.4
Belize,2010,73.39,54.0,,,,91.76,23.2
Belize,2000,70.34,89.0,,10.15,,84.26,26.2
Benin,2019,63.43,,,,,,
Benin,2015,61.96,421.0,40.0,,,57.87,19.7
Benin,2010,60.47,464.0,,0.56,0.17,56.07,19.8
Benin,2000,56.59,520.0,,,,52.04,20.0
Bhutan,2019,73.11,,,,,,
Bhutan,2015,72.15,203.0,59.0,3.45,2.1,96.13,23.7
Bhutan,2010,71.01,247.0,,,,90.28,25.1
Bhutan,2000,65.7,423.0,,,,78.3,30.8
Bolivia (Plurinational State of),2019,72.14,,,,,,
Bolivia (Plurinational State of),2015,71.52,168.0,64.0,,,75.41,17.4
Bolivia (Plurinational State of),2010,70.34,212.0,,4.39,5.6000000000000005,68.64,18.8
Bolivia (Plurinational State of),2000,66.02,331.0,,,,54.22,23.0
Bosnia and Herzegovina,2019,76.75,,,,,,
Bosnia and Herzegovina,2015,76.32,10.0,60.0,21.62,12.9,94.85,18.2
Bosnia and Herzegovina,2010,76.19,11.0,,17.99,10.0,95.94,20.9
Bosnia and Herzegovina,2000,75.42,17.0,,14.55,10.1,96.26,24.4
Botswana,2019,62.25,,,,,,
Botswana,2015,60.93,156.0,61.0,,,71.89,20.7
Botswana,2010,58.14,179.0,,4.12,,62.91,22.2
Botswana,2000,45.59,262.0,,3.04,,53.58,23.1
Brazil,2019,75.9,,,,,,
Brazil,2015,75.13,63.0,78.0,,,87.0,17.0
Brazil,2010,74.09,65.0,,18.14,55.0,82.7,19.0
Brazil,2000,71.47,69.0,,11.34,26.099999999999998,74.08,24.4
Brunei Darussalam,2019,74.32,,,,,,
Brunei Darussalam,2015,74.4,30.0,83.0,17.81,17.1,99.9,17.0
Brunei Darussalam,2010,74.57,28.0,,14.49,11.100000000000001,99.9,17.4
Brunei Darussalam,2000,72.2,28.0,,10.08,,99.9,20.5
Bulgaria,2019,75.07,,,,,,
Bulgaria,2015,74.55,10.0,64.0,40.33,,98.24,23.8
Bulgaria,2010,73.64,12.0,,37.66,,98.74,25.1
Bulgaria,2000,71.61,19.0,,34.42,,99.47,28.5
Burkina Faso,2019,62.7,,,,,,
Burkina Faso,2015,60.92,343.0,38.0,0.66,1.4000000000000001,37.09,21.9
Burkina Faso,2010,58.59,385.0,,0.46,1.2,42.19,22.4
Burkina Faso,2000,51.64,516.0,,,,50.79,22.6
Burundi,2019,63.84,,,,,,
Burundi,2015,62.05,568.0,43.0,0.5,,55.56,22.8
Burundi,2010,58.6,665.0,,0.48,0.27,52.94,22.8
Burundi,2000,43.78,1010.0,,,,47.84,23.5
Cabo Verde,2019,74.03,,,,,,
Cabo Verde,2015,74.88,61.0,67.0,7.81,,72.87,17.4
Cabo Verde,2010,74.12,70.0,,5.93,0.81,71.32,18.3
Cabo Verde,2000,70.97,118.0,,,,70.31,20.9
Cambodia,2019,70.12,,,,,,
Cambodia,2015,69.17,178.0,55.0,,,69.86,21.3
Cambodia,2010,67.22,248.0,,2.3,3.8,62.24,22.2
Cambodia,2000,58.68,488.0,,1.68,4.6000000000000005,47.05,25.5
Cameroon,2019,62.36,,,,,,
Cameroon,2015,59.11,554.0,43.0,,,39.05,21.8
Cameroon,2010,56.58,597.0,,0.84,0.21000000000000002,39.03,21.8
Cameroon,2000,52.82,886.0,,,,37.94,24.5
Canada,2019,82.24,,,,,,
Canada,2015,81.76,11.0,88.0,,,98.77,10.0
Canada,2010,81.31,11.0,,,,98.5,11.1
Canada,2000,79.1,9.0,,,,98.18,14.4
Canada,1920,82.81,,,,,,
Central African Republic,2019,53.1,,,,,,
Central African Republic,2015,50.53,912.0,32.0,0.72,0.44999999999999996,33.75,23.7
Central African Republic,2010,48.51,1000.0,,,,35.55,24.9
Central African Republic,2000,44.34,1280.0,,,,44.01,24.9
Chad,2019,59.63,,,,,,
Chad,2015,57.91,1160.0,27.0,0.49,0.56,29.77,24.1
Chad,2010,55.65,1240.0,,,,30.49,24.5
Chad,2000,51.08,1420.0,,0.28,,31.73,24.3
Chile,2019,80.74,,,,,,
Chile,2015,79.82,14.0,66.0,21.47,44.3,98.16,12.5
Chile,2010,78.46,20.0,,14.33,26.400000000000002,90.3,13.3
Chile,2000,76.77,31.0,,,,74.56,14.6
China,2019,77.43,,,,,,
China,2015,76.64,30.0,76.0,17.73,29.900000000000002,84.21,17.4
China,2010,74.89,36.0,,14.53,25.7,79.32,18.1
China,2000,71.58,59.0,,12.36,31.9,70.4,21.5
Colombia,2019,79.31,,,,,,
Colombia,2015,78.35,85.0,76.0,19.74,,84.64,15.9
Colombia,2010,77.09,85.0,,15.92,,80.13,17.3
Colombia,2000,73.75,94.0,,,,71.1,20.6
Comoros,2019,67.39,,,,,,
Comoros,2015,66.45,285.0,49.0,,,76.91,23.0
Comoros,2010,64.98,341.0,,,,81.38,23.5
Comoros,2000,61.51,444.0,,,,89.65,25.9
Congo,2019,64.74,,,,,,
Congo,2015,63.11,416.0,40.0,,,41.39,17.0
Congo,2010,60.95,506.0,,1.16,,31.2,19.0
Congo,2000,52.12,739.0,,,,18.01,24.8
Costa Rica,2019,80.85,,,,,,
Costa Rica,2015,80.78,28.0,76.0,13.79,72.6,98.8,11.6
Costa Rica,2010,79.56,32.0,,23.06,,94.88,13.0
Costa Rica,2000,78.0,40.0,,13.13,28.900000000000002,87.02,14.2
Côte d’Ivoire,2019,62.92,,,,,,
Côte d’Ivoire,2015,60.2,658.0,46.0,,,57.58,29.3
Côte d’Ivoire,2010,56.62,701.0,,,,56.92,28.6
Côte d’Ivoire,2000,50.33,704.0,,,,55.55,26.2
Croatia,2019,78.64,,,,,,
Croatia,2015,77.58,8.0,60.0,31.73,71.9,99.57,17.2
Croatia,2010,76.72,9.0,,28.43,65.9,98.69,18.8
Croatia,2000,74.36,11.0,,23.57,48.4,100.0,22.9
Cuba,2019,77.76,,,,,,
Cuba,2015,77.91,38.0,81.0,77.69,,89.67,16.6
Cuba,2010,77.65,41.0,,68.15,,86.46,17.6
Cuba,2000,76.76,46.0,,59.32,,80.2,18.1
Cyprus,2019,83.14,,,,,,
Cyprus,2015,82.01,7.0,75.0,26.24,64.6,99.55,11.5
Cyprus,2010,81.02,8.0,,21.56,16.299999999999997,99.72,11.8
Cyprus,2000,78.75,14.0,,19.08,12.7,100.0,14.1
Czechia,2019,79.13,,,,,,
Czechia,2015,78.46,4.0,74.0,39.52,65.7,99.82,15.5
Czechia,2010,77.56,4.0,,35.17,57.5,99.75,17.7
Czechia,2000,74.95,7.0,,33.63,49.2,99.61,22.6
Democratic People's Republic of Korea,2019,72.63,,,,,,
Democratic People's Republic of Korea,2015,71.76,91.0,70.0,,,91.62,25.8
Democratic People's Republic of Korea,2010,70.18,106.0,,,,95.2,27.3
Democratic People's Republic of Korea,2000,63.95,139.0,,,,99.1,23.6
Democratic Republic of the Congo,2019,62.35,,,,,,
Democratic Republic of the Congo,2015,60.44,490.0,39.0,,,22.34,19.4
Democratic Republic of the Congo,2010,57.51,542.0,,,,19.95,20.1
Democratic Republic of the Congo,2000,52.44,760.0,,,,15.52,22.7
Denmark,2019,81.32,,,,,,
Denmark,2015,80.59,4.0,82.0,39.26,51.5,100.0,11.7
Denmark,2010,79.17,5.0,,37.21,47.300000000000004,100.0,13.4
Denmark,2000,76.93,8.0,,29.12,40.8,100.0,18.3
Djibouti,2019,65.81,,,,,,
Djibouti,2015,64.64,247.0,44.0,,,47.96,19.5
Djibouti,2010,61.87,283.0,,,,50.21,19.1
Djibouti,2000,59.84,507.0,,,,54.72,21.6
Dominican Republic,2019,72.84,,,,,,
Dominican Republic,2015,71.75,94.0,74.0,,,89.36,19.1
Dominican Republic,2010,73.17,96.0,,,,85.99,19.6
Dominican Republic,2000,73.22,80.0,,18.5,39.300000000000004,79.43,21.9
Ecuador,2019,78.45,,,,,,
Ecuador,2015,77.18,63.0,76.0,20.65,4.2,81.88,13.4
Ecuador,2010,75.02,78.0,,21.11,,77.93,13.8
Ecuador,2000,74.53,122.0,,14.46,3.8,70.22,16.6
Egypt,2019,71.82,,,,,,
Egypt,2015,70.49,39.0,65.0,8.22,39.6,98.57,28.2
Egypt,2010,70.2,45.0,,,,97.94,28.0
Egypt,2000,69.82,64.0,,,,96.69,25.3
El Salvador,2019,75.03,,,,,,
El Salvador,2015,73.25,48.0,75.0,,,89.25,14.1
El Salvador,2010,74.5,54.0,,,,76.36,14.7
El Salvador,2000,72.5,73.0,,,,55.52,17.1
Equatorial Guinea,2019,62.19,,,,,,
Equatorial Guinea,2015,61.13,296.0,40.0,,,30.78,22.0
Equatorial Guinea,2010,59.65,308.0,,,,32.6,23.0
Equatorial Guinea,2000,54.31,454.0,,,,38.69,26.4
Eritrea,2019,64.08,,,,,,
Eritrea,2015,62.29,518.0,38.0,,,27.8,24.2
Eritrea,2010,60.7,567.0,,,,28.33,24.8
Eritrea,2000,54.51,1280.0,,,,30.99,25.7
Estonia,2019,78.88,,,,,,
Estonia,2015,77.6,10.0,75.0,34.15,72.1,99.19,16.9
Estonia,2010,75.87,11.0,,32.42,63.2,98.65,19.6
Estonia,2000,70.94,29.0,,31.24,58.3,97.29,26.9
Eswatini,2019,57.73,,,,,,
Eswatini,2015,54.05,435.0,60.0,,,59.37,26.6
Eswatini,2010,47.43,450.0,,,,54.0,26.6
Eswatini,2000,47.05,521.0,,,4.6000000000000005,42.52,27.2
Ethiopia,2019,68.7,,,,,,
Ethiopia,2015,66.82,446.0,39.0,,,29.11,18.4
Ethiopia,2010,62.92,597.0,,,,23.42,18.9
Ethiopia,2000,50.58,1030.0,,,,18.7,21.7
Fiji,2019,68.01,,,,,,
Fiji,2015,67.83,35.0,64.0,8.6,10.9,88.84,30.8
Fiji,2010,67.6,39.0,,,,89.54,32.9
Fiji,2000,65.9,51.0,,,,90.65,36.4
Finland,2019,81.61,,,,,,
Finland,2015,81.21,3.0,79.0,33.31,,100.0,10.5
Finland,2010,79.88,4.0,,32.65,110.8,100.0,11.8
Finland,2000,77.6,6.0,,28.54,96.5,100.0,14.6
France,2019,82.48,,,,,,
France,2015,81.91,8.0,78.0,32.24,109.0,100.0,10.8
France,2010,81.22,9.0,,33.74,116.6,100.0,11.8
France,2000,78.91,10.0,,33.55,103.9,100.0,13.8
Gabon,2019,66.47,,,,,,
Gabon,2015,64.93,261.0,51.0,,,55.05,14.8
Gabon,2010,62.16,314.0,,,,49.35,15.1
Gabon,2000,58.1,380.0,,,,37.02,17.1
Gambia,2019,65.47,,,,,,
Gambia,2015,64.14,625.0,45.0,1.02,0.24,63.37,20.6
Gambia,2010,62.42,661.0,,,,64.88,21.1
Gambia,2000,59.24,932.0,,,,67.84,23.1
Georgia,2019,73.28,,,,,,
Georgia,2015,72.58,27.0,66.0,50.06,7.800000000000001,95.26,24.9
Georgia,2010,71.87,32.0,,44.47,8.6,91.36,25.0
Georgia,2000,69.41,31.0,,38.37,9.8,86.97,24.7
Germany,2019,81.72,,,,,,
Germany,2015,80.42,5.0,82.0,41.34,64.3,100.0,12.5
Germany,2010,80.17,6.0,,37.57,62.599999999999994,100.0,13.1
Germany,2000,78.09,7.0,,32.79,58.9,100.0,16.1
Ghana,2019,66.28,,,,,,
Ghana,2015,64.55,320.0,46.0,,,66.04,20.9
Ghana,2010,62.0,339.0,,0.94,,62.19,20.4
Ghana,2000,59.24,484.0,,,,54.03,21.6
Greece,2019,81.1,,,,,,
Greece,2015,80.38,3.0,74.0,52.53,106.0,100.0,12.3
Greece,2010,80.1,3.0,,39.44,102.5,99.74,12.9
Greece,2000,78.17,3.0,,42.64,,98.69,14.9
Grenada,2019,72.88,,,,,,
Grenada,2015,72.7,25.0,69.0,,,95.63,21.7
Grenada,2010,71.97,29.0,,,,95.63,23.9
Grenada,2000,71.97,38.0,,5.64,,93.31,26.8
Guatemala,2019,72.02,,,,,,
Guatemala,2015,70.95,103.0,57.0,,,88.97,14.9
Guatemala,2010,69.3,129.0,,,,85.47,14.9
Guatemala,2000,66.78,161.0,,,,78.4,15.0
Guinea,2019,61.01,,,,,,
Guinea,2015,58.81,699.0,34.0,0.86,1.2,49.72,22.6
Guinea,2010,58.07,747.0,,,,51.67,23.1
Guinea,2000,54.26,1020.0,,0.93,1.7000000000000002,53.1,22.4
Guinea-Bissau,2019,60.22,,,,,,
Guinea-Bissau,2015,58.23,694.0,40.0,2.04,,52.76,19.8
Guinea-Bissau,2010,55.43,779.0,,,,49.07,21.5
Guinea-Bissau,2000,50.28,1210.0,,,,41.41,23.4
Guyana,2019,65.69,,,,,,
Guyana,2015,65.59,172.0,70.0,,,100.0,30.6
Guyana,2010,64.77,179.0,,6.87,,90.9,31.2
Guyana,2000,62.96,231.0,,4.9,,85.88,32.7
Haiti,2019,64.05,,,,,,
Haiti,2015,62.61,488.0,47.0,0.85,,42.42,26.7
Haiti,2010,31.28,506.0,,,,41.83,22.3
Haiti,2000,57.05,437.0,,,,40.48,29.1
Honduras,2019,71.94,,,,,,
Honduras,2015,69.82,67.0,66.0,,,87.31,14.0
Honduras,2010,71.15,74.0,,2.95,,83.55,14.3
Honduras,2000,70.04,85.0,,5.59,5.300000000000001,75.99,16.6
Hungary,2019,76.44,,,,,,
Hungary,2015,75.57,12.0,73.0,31.18,72.0,100.0,23.3
Hungary,2010,74.58,13.0,,28.9,58.6,100.0,24.2
Hungary,2000,71.34,16.0,,30.03,48.0,100.0,28.1
Iceland,2019,82.33,,,,,,
Iceland,2015,82.14,4.0,85.0,37.83,48.5,100.0,9.3
Iceland,2010,81.68,5.0,,35.65,48.4,100.0,9.8
Iceland,2000,79.7,6.0,,34.52,,100.0,13.4
India,2019,70.79,,,,,,
India,2015,69.31,158.0,52.0,,,88.9,23.5
India,2010,67.23,210.0,,6.62,53.2,83.77,24.2
India,2000,62.11,370.0,,5.26,,74.28,26.6
Indonesia,2019,71.31,,,,,,
Indonesia,2015,70.61,192.0,53.0,2.74,11.7,80.16,26.5
Indonesia,2010,69.26,228.0,,1.4,,75.54,27.0
Indonesia,2000,67.17,272.0,,,,65.61,26.3
Iran (Islamic Republic of),2019,77.35,,,,,,
Iran (Islamic Republic of),2015,76.66,17.0,70.0,11.53,20.2,89.01,15.1
Iran (Islamic Republic of),2010,75.86,22.0,,,,89.23,18.0
Iran (Islamic Republic of),2000,72.56,48.0,,,,89.66,23.9
Iraq,2019,72.42,,,,,,
Iraq,2015,70.29,83.0,61.0,,,86.56,21.6
Iraq,2010,70.24,70.0,,6.64,19.099999999999998,75.3,22.5
Iraq,2000,68.77,79.0,,,,52.88,24.2
Ireland,2019,81.84,,,,,,
Ireland,2015,81.14,6.0,79.0,31.5,111.6,96.99,10.5
Ireland,2010,80.41,6.0,,41.33,100.3,97.0,11.2
Ireland,2000,76.41,7.0,,22.3,80.5,97.02,17.9
Israel,2019,82.62,,,,,,
Israel,2015,81.93,3.0,81.0,34.62,78.1,100.0,9.7
Israel,2010,81.56,4.0,,35.19,78.0,100.0,10.1
Israel,2000,78.57,7.0,,38.22,67.30000000000001,100.0,14.6
Italy,2019,82.97,,,,,,
Italy,2015,82.21,2.0,81.0,38.48,115.5,99.38,9.8
Italy,2010,81.9,2.0,,38.16,,99.59,10.3
Italy,2000,79.36,4.0,,34.59,,100.0,13.5
Jamaica,2019,75.98,,,,,,
Jamaica,2015,75.85,78.0,62.0,4.15,2.8000000000000003,84.4,14.8
Jamaica,2010,75.77,79.0,,,,85.48,15.3
Jamaica,2000,74.22,77.0,,,,88.19,18.1
Japan,2019,84.26,,,,,,
Japan,2015,83.62,5.0,80.0,,,98.93,8.6
Japan,2010,82.68,6.0,,22.06,153.7,98.73,9.5
Japan,2000,81.12,9.0,,20.06,,98.49,11.4
Jordan,2019,77.87,,,,,,
Jordan,2015,77.82,48.0,76.0,28.08,130.29999999999998,97.78,19.4
Jordan,2010,76.59,53.0,,22.33,126.0,97.97,20.7
Jordan,2000,72.65,70.0,,18.69,84.5,98.36,23.5
Kazakhstan,2019,73.95,,,,,,
Kazakhstan,2015,71.91,12.0,74.0,,81.4,89.76,28.6
Kazakhstan,2010,68.43,22.0,,39.28,69.3,83.53,32.9
Kazakhstan,2000,63.15,61.0,,32.8,30.5,72.36,39.1
Kenya,2019,66.09,,,,,,
Kenya,2015,64.17,353.0,54.0,,,48.18,13.3
Kenya,2010,61.18,432.0,,1.7,7.4,44.57,13.4
Kenya,2000,53.87,708.0,,,,37.21,17.3
Kiribati,2019,59.42,,,,,,
Kiribati,2015,58.2,97.0,39.0,,,69.08,28.5
Kiribati,2010,58.01,112.0,,3.98,3.9000000000000004,62.73,28.8
Kiribati,2000,55.73,136.0,,,,50.03,29.5
Kuwait,2019,80.97,,,,,,
Kuwait,2015,81.13,11.0,75.0,26.46,,100.0,17.6
Kuwait,2010,79.83,10.0,,24.3,,100.0,19.3
Kuwait,2000,77.86,10.0,,,,100.0,21.7
Kyrgyzstan,2019,74.18,,,,,,
Kyrgyzstan,2015,71.59,66.0,68.0,,,81.39,26.2
Kyrgyzstan,2010,69.17,79.0,,23.39,3.1,78.45,27.8
Kyrgyzstan,2000,65.95,79.0,,28.04,2.9,72.91,31.4
Lao People's Democratic Republic,2019,68.51,,,,,,
Lao People's Democratic Republic,2015,67.08,209.0,49.0,,,71.11,27.1
Lao People's Democratic Republic,2010,64.88,292.0,,7.81,,59.99,27.9
Lao People's Democratic Republic,2000,58.41,544.0,,2.85,,37.99,29.2
Latvia,2019,75.38,,,,,,
Latvia,2015,74.8,23.0,67.0,31.66,78.8,97.88,22.2
Latvia,2010,72.94,26.0,,30.76,67.6,97.13,25.8
Latvia,2000,70.18,34.0,,34.12,,95.79,27.9
Lebanon,2019,76.44,,,,,,
Lebanon,2015,75.98,29.0,71.0,21.03,116.19999999999999,92.26,17.9
Lebanon,2010,75.53,23.0,,23.39,111.19999999999999,89.97,18.1
Lebanon,2000,74.61,28.0,,,,85.39,21.2
Lesotho,2019,50.75,,,,,,
Lesotho,2015,47.67,574.0,47.0,,,59.79,26.6
Lesotho,2010,47.38,594.0,,0.69,,61.31,27.0
Lesotho,2000,47.82,614.0,,,,64.39,26.6
Liberia,2019,64.08,,,,,,
Liberia,2015,61.17,691.0,37.0,0.38,,60.81,17.2
Liberia,2010,60.7,708.0,,0.23,1.2,57.74,18.0
Liberia,2000,53.77,894.0,,,,49.53,18.1
Libya,2019,75.78,,,,,,
Libya,2015,74.6,70.0,62.0,18.94,48.6,97.64,19.7
Libya,2010,76.04,53.0,,,,93.19,20.7
Libya,2000,74.4,70.0,,,,84.3,22.7
Lithuania,2019,75.99,,,,,,
Lithuania,2015,74.38,9.0,70.0,42.99,,90.72,22.2
Lithuania,2010,73.14,10.0,,34.14,,85.61,23.6
Lithuania,2000,72.04,17.0,,32.95,59.3,75.4,24.2
Luxembourg,2019,82.41,,,,,,
Luxembourg,2015,82.31,5.0,82.0,29.22,70.1,100.0,9.6
Luxembourg,2010,80.94,8.0,,27.68,73.60000000000001,100.0,11.5
Luxembourg,2000,78.24,10.0,,,64.2,100.0,15.0
Madagascar,2019,65.35,,,,,,
Madagascar,2015,64.19,363.0,24.0,,,34.78,23.1
Madagascar,2010,62.79,453.0,,1.95,0.03,30.98,24.5
Madagascar,2000,58.82,559.0,,,,23.79,27.2
Malawi,2019,65.62,,,,,,
Malawi,2015,63.04,370.0,43.0,,,63.31,16.3
Malawi,2010,56.8,444.0,,,,58.01,17.5
Malawi,2000,44.73,749.0,,,,47.29,21.0
Malaysia,2019,74.72,,,,,,
Malaysia,2015,74.95,30.0,71.0,15.36,34.7,89.93,17.3
Malaysia,2010,74.25,30.0,,11.69,27.5,91.42,18.2
Malaysia,2000,72.8,38.0,,6.96,10.1,94.11,20.3
Maldives,2019,79.59,,,,,,
Maldives,2015,78.41,54.0,59.0,28.86,43.8,98.25,13.9
Maldives,2010,76.99,67.0,,14.36,67.5,96.55,16.7
Maldives,2000,70.96,125.0,,,,90.41,26.8
Mali,2019,62.8,,,,,,
Mali,2015,60.89,620.0,35.0,,,64.59,24.8
Mali,2010,59.05,660.0,,1.02,0.8999999999999999,55.37,25.0
Mali,2000,52.64,836.0,,,,37.85,27.5
Malta,2019,81.89,,,,,,
Malta,2015,81.65,7.0,81.0,28.6,128.7,100.0,10.8
Malta,2010,80.45,8.0,,21.53,72.69999999999999,100.0,11.2
Malta,2000,77.87,9.0,,26.02,,100.0,15.5
Mauritania,2019,68.38,,,,,,
Mauritania,2015,67.41,785.0,36.0,1.71,,46.69,18.0
Mauritania,2010,65.59,824.0,,1.57,,38.96,17.9
Mauritania,2000,61.96,834.0,,,,25.02,18.1
Mauritius,2019,74.07,,,,,,
Mauritius,2015,74.14,73.0,62.0,20.25,39.5,99.83,22.8
Mauritius,2010,73.24,66.0,,12.02,32.1,99.62,24.1
Mauritius,2000,71.17,59.0,,,,98.93,29.7
Mexico,2019,76.01,,,,,,
Mexico,2015,75.87,36.0,76.0,23.25,,94.26,15.9
Mexico,2010,75.13,46.0,,22.36,4.9,88.38,16.3
Mexico,2000,74.41,55.0,,19.81,,73.13,16.8
Micronesia (Federated States of),2019,63.03,,,,,,
Micronesia (Federated States of),2015,62.74,95.0,44.0,,,78.57,26.5
Micronesia (Federated States of),2010,62.67,110.0,,,,81.6,26.4
Micronesia (Federated States of),2000,61.19,154.0,,5.96,,87.67,27.4
Mongolia,2019,68.1,,,,,,
Mongolia,2015,67.61,47.0,62.0,32.19,50.199999999999996,52.86,30.4
Mongolia,2010,65.05,66.0,,27.56,43.2,44.13,32.3
Mongolia,2000,60.52,155.0,,,,28.82,38.9
Montenegro,2019,75.88,,,,,,
Montenegro,2015,75.27,6.0,67.0,23.76,,95.91,20.9
Montenegro,2010,74.69,7.0,,20.44,,95.05,22.1
Montenegro,2000,73.56,12.0,,18.84,,,25.7
Morocco,2019,72.99,,,,,,
Morocco,2015,72.46,74.0,69.0,,,67.69,12.5
Morocco,2010,71.6,92.0,,,,53.25,13.8
Morocco,2000,69.35,188.0,,,,28.34,24.4
Mozambique,2019,58.14,,,,,,
Mozambique,2015,55.95,318.0,43.0,0.41,0.72,35.54,18.4
Mozambique,2010,53.48,412.0,,0.49,0.2,24.72,20.3
Mozambique,2000,50.69,798.0,,,,19.9,27.3
Myanmar,2019,69.13,,,,,,
Myanmar,2015,67.58,246.0,59.0,,,74.82,24.3
Myanmar,2010,64.79,265.0,,5.22,,61.97,25.1
Myanmar,2000,59.99,340.0,,,,38.06,25.0
Namibia,2019,64.58,,,,,,
Namibia,2015,62.87,217.0,61.0,,,68.89,21.6
Namibia,2010,60.94,266.0,,,,68.09,23.2
Namibia,2000,53.32,348.0,,,,66.47,25.6
Nepal,2019,70.88,,,,,,
Nepal,2015,69.43,236.0,51.0,,,87.48,22.2
Nepal,2010,69.18,305.0,,,,84.34,23.8
Nepal,2000,65.26,553.0,,,,77.98,27.3
Netherlands,2019,81.79,,,,,,
Netherlands,2015,81.28,6.0,85.0,34.92,21.299999999999997,100.0,11.3
Netherlands,2010,80.68,7.0,,29.52,19.8,100.0,12.5
Netherlands,2000,78.01,13.0,,24.43,15.5,100.0,16.2
New Zealand,2019,81.96,,,,,,
New Zealand,2015,81.31,10.0,85.0,32.96,66.6,100.0,10.4
New Zealand,2010,80.94,11.0,,30.66,62.9,100.0,11.8
New Zealand,2000,78.57,12.0,,,,100.0,15.9
Nicaragua,2019,75.04,,,,,,
Nicaragua,2015,74.62,101.0,71.0,9.31,,59.5,14.4
Nicaragua,2010,74.05,112.0,,7.28,,60.78,15.4
Nicaragua,2000,73.26,162.0,,,,63.37,19.5
Niger,2019,63.29,,,,,,
Niger,2015,61.54,555.0,35.0,0.47,0.25,41.6,20.2
Niger,2010,58.95,663.0,,,,36.27,20.8
Niger,2000,50.35,813.0,,,,24.41,20.1
Nigeria,2019,62.62,,,,,,
Nigeria,2015,61.16,931.0,42.0,,11.100000000000001,53.11,22.5
Nigeria,2010,59.24,978.0,,,7.3,46.96,22.9
Nigeria,2000,53.63,1200.0,,,,34.88,25.5
Norway,2019,82.62,,,,,,
Norway,2015,82.01,3.0,86.0,26.47,74.3,100.0,9.3
Norway,2010,80.87,4.0,,24.95,63.9,100.0,11.3
Norway,2000,78.53,6.0,,,,100.0,14.2
Oman,2019,73.9,,,,,,
Oman,2015,72.52,19.0,71.0,20.89,49.900000000000006,77.9,18.1
Oman,2010,70.36,18.0,,19.27,41.1,67.42,20.2
Oman,2000,69.07,20.0,,14.37,21.8,,23.4
Pakistan,2019,65.61,,,,,,
Pakistan,2015,64.18,154.0,42.0,9.26,,88.84,24.8
Pakistan,2010,62.64,191.0,,8.08,,86.24,25.6
Pakistan,2000,60.08,286.0,,6.45,,81.49,26.7
Panama,2019,79.29,,,,,,
Panama,2015,78.72,58.0,76.0,,,90.52,13.2
Panama,2010,77.53,79.0,,14.06,,85.33,13.4
Panama,2000,77.23,91.0,,,,74.51,15.0
Papua New Guinea,2019,65.3,,,,,,
Papua New Guinea,2015,64.49,151.0,41.0,,,33.38,29.9
Papua New Guinea,2010,63.42,168.0,,0.51,,30.27,28.2
Papua New Guinea,2000,63.29,249.0,,0.47,,26.54,31.2
Paraguay,2019,75.81,,,,,,
Paraguay,2015,75.56,88.0,68.0,,,94.27,17.7
Paraguay,2010,74.99,108.0,,,,80.48,18.6
Paraguay,2000,74.8,165.0,,,,52.69,21.2
Peru,2019,79.9,,,,,,
Peru,2015,79.08,94.0,77.0,,,72.73,12.8
Peru,2010,77.28,104.0,,,,65.61,13.6
Peru,2000,74.42,144.0,,,,51.32,15.3
Philippines,2019,70.43,,,,,,
Philippines,2015,70.3,127.0,57.0,,,88.68,26.9
Philippines,2010,69.96,144.0,,12.72,,85.49,27.6
Philippines,2000,69.03,160.0,,12.19,,79.32,26.8
Poland,2019,78.27,,,,,,
Poland,2015,77.29,2.0,74.0,23.25,73.89999999999999,98.15,19.3
Poland,2010,76.25,3.0,,21.71,65.8,94.69,20.4
Poland,2000,73.7,7.0,,22.05,57.5,,24.8
Portugal,2019,81.57,,,,,,
Portugal,2015,80.89,9.0,81.0,47.49,84.0,100.0,11.2
Portugal,2010,79.73,9.0,,39.76,72.4,99.38,12.1
Portugal,2000,76.58,10.0,,32.03,41.3,98.5,15.7
Qatar,2019,77.17,,,,,,
Qatar,2015,76.41,9.0,69.0,,,99.69,15.4
Qatar,2010,74.08,10.0,,37.27,,100.0,16.4
Qatar,2000,71.29,14.0,,,,100.0,18.3
Republic of Korea,2019,83.3,,,,,,
Republic of Korea,2015,82.2,12.0,85.0,22.49,65.3,99.56,8.3
Republic of Korea,2010,80.58,15.0,,19.84,64.9,99.0,10.6
Republic of Korea,2000,76.21,17.0,,,,,16.5
Republic of Moldova,2019,73.26,,,,,,
Republic of Moldova,2015,71.13,22.0,68.0,24.84,,82.08,27.5
Republic of Moldova,2010,68.81,29.0,,23.81,43.5,79.29,29.5
Republic of Moldova,2000,66.87,44.0,,24.55,31.400000000000002,73.7,31.9
The former Yugoslav Republic of Macedonia,2019,74.82,,,,,,
The former Yugoslav Republic of Macedonia,2015,73.73,8.0,70.0,28.74,,90.58,20.7
The former Yugoslav Republic of Macedonia,2010,73.11,8.0,,26.76,,94.08,23.0
The former Yugoslav Republic of Macedonia,2000,71.11,13.0,,21.89,,98.55,26.0
Romania,2019,75.57,,,,,,
Romania,2015,74.82,21.0,73.0,,,100.0,21.5
Romania,2010,73.7,27.0,,24.8,66.10000000000001,100.0,23.4
Romania,2000,71.39,54.0,,19.53,31.7,100.0,26.4
Russian Federation,2019,73.23,,,,,,
Russian Federation,2015,71.3,18.0,71.0,37.49,,91.65,25.9
Russian Federation,2010,68.76,25.0,,23.93,5.8,89.23,30.4
Russian Federation,2000,65.29,56.0,,23.23,5.8,84.88,37.0
Rwanda,2019,69.1,,,,,,
Rwanda,2015,67.69,275.0,54.0,1.13,1.0,51.22,18.3
Rwanda,2010,64.44,373.0,,,,47.72,19.2
Rwanda,2000,47.51,1160.0,,,,41.0,30.1
Saint Lucia,2019,74.33,,,,,,
Saint Lucia,2015,75.01,115.0,66.0,,,97.82,19.0
Saint Lucia,2010,75.2,109.0,,16.49,,94.46,19.4
Saint Lucia,2000,73.21,86.0,,,,86.79,24.9
Saint Vincent and the Grenadines,2019,73.22,,,,,,
Saint Vincent and the Grenadines,2015,72.47,64.0,67.0,,,95.15,22.3
Saint Vincent and the Grenadines,2010,72.85,63.0,,6.65,,94.58,21.4
Saint Vincent and the Grenadines,2000,70.61,80.0,,8.26,,93.15,24.6
Samoa,2019,70.45,,,,,,
Samoa,2015,70.04,45.0,58.0,,,96.25,20.9
Samoa,2010,69.57,58.0,,3.44,,94.07,23.4
Samoa,2000,68.51,88.0,,,,89.93,29.5
Sao Tome and Principe,2019,70.42,,,,,,
Sao Tome and Principe,2015,69.6,130.0,53.0,3.16,,75.72,18.6
Sao Tome and Principe,2010,68.24,140.0,,,,69.68,18.6
Sao Tome and Principe,2000,63.45,179.0,,,,58.19,19.8
Saudi Arabia,2019,74.31,,,,,,
Saudi Arabia,2015,73.15,17.0,73.0,,,99.69,16.5
Saudi Arabia,2010,71.76,19.0,,24.07,54.400000000000006,98.8,17.9
Saudi Arabia,2000,70.52,24.0,,7.24,,97.39,18.9
Senegal,2019,68.58,,,,,,
Senegal,2015,67.2,346.0,44.0,2.07,0.98,66.61,18.4
Senegal,2010,65.47,447.0,,,,57.28,20.0
Senegal,2000,58.6,553.0,,,,39.97,21.3
Serbia,2019,75.87,,,,,,
Serbia,2015,75.21,13.0,65.0,24.6,,84.09,20.1
Serbia,2010,74.2,12.0,,24.82,,88.15,22.5
Serbia,2000,71.43,13.0,,,,93.11,28.5
Seychelles,2019,73.34,,,,,,
Seychelles,2015,73.2,54.0,71.0,,,96.25,21.3
Seychelles,2010,73.01,55.0,,10.95,4.4,95.77,22.8
Seychelles,2000,71.87,53.0,,,,93.2,24.1
Sierra Leone,2019,60.77,,,,,,
Sierra Leone,2015,56.94,1180.0,36.0,,,46.9,30.0
Sierra Leone,2010,54.74,1360.0,,0.21,0.51,38.83,31.8
Sierra Leone,2000,48.73,2480.0,,,,24.41,36.7
Singapore,2019,83.22,,,,,,
Singapore,2015,82.81,9.0,85.0,,,100.0,10.0
Singapore,2010,81.7,10.0,,17.19,35.4,100.0,11.3
Singapore,2000,78.44,13.0,,,,100.0,16.8
Slovakia,2019,78.23,,,,,,
Slovakia,2015,77.01,6.0,75.0,34.44,,100.0,17.7
Slovakia,2010,75.47,6.0,,33.51,,98.29,20.4
Slovakia,2000,73.3,8.0,,33.48,36.5,96.8,25.3
Slovenia,2019,81.31,,,,,,
Slovenia,2015,80.47,7.0,79.0,28.15,62.5,99.4,13.1
Slovenia,2010,79.55,8.0,,24.37,53.9,99.4,13.5
Slovenia,2000,76.05,12.0,,21.53,37.599999999999994,99.4,18.5
Solomon Islands,2019,65.25,,,,,,
Solomon Islands,2015,64.74,112.0,46.0,,,63.01,24.4
Solomon Islands,2010,63.69,141.0,,,,69.14,25.8
Solomon Islands,2000,62.51,245.0,,,,76.47,31.2
Somalia,2019,56.47,,,,,,
Somalia,2015,54.57,855.0,22.0,,,26.53,21.9
Somalia,2010,51.98,985.0,,,,21.2,21.6
Somalia,2000,49.87,1210.0,,,,19.6,24.1
South Africa,2019,65.25,,,,,,
South Africa,2015,62.57,125.0,69.0,7.81,28.5,78.97,26.6
South Africa,2010,57.14,171.0,,7.34,,74.71,28.2
South Africa,2000,55.75,160.0,,,,66.19,29.4
South Sudan,2019,62.79,,,,,,
South Sudan,2015,61.99,1110.0,30.0,,,36.4,19.6
South Sudan,2010,61.1,1100.0,,,,,20.3
South Sudan,2000,54.15,1730.0,,,,,23.8
Spain,2019,83.22,,,,,,
Spain,2015,82.33,4.0,81.0,32.17,118.69999999999999,100.0,10.1
Spain,2010,81.69,4.0,,30.29,91.6,100.0,10.7
Spain,2000,79.08,5.0,,31.16,71.39999999999999,100.0,13.5
Sri Lanka,2019,76.87,,,,,,
Sri Lanka,2015,76.27,36.0,63.0,8.62,7.199999999999999,86.36,17.6
Sri Lanka,2010,73.3,38.0,,7.24,,82.94,17.6
Sri Lanka,2000,71.89,56.0,,4.24,,75.99,21.5
Sudan,2019,69.15,,,,,,
Sudan,2015,67.94,320.0,42.0,4.07,43.7,51.71,26.0
Sudan (until 2011),2010,66.56,408.0,,,,44.25,26.8
Sudan (until 2011),2000,62.47,667.0,,,,35.3,29.8
Suriname,2019,71.48,,,,,,
Suriname,2015,72.6,122.0,70.0,10.46,,87.35,21.8
Suriname,2010,71.83,148.0,,,,82.92,23.0
Suriname,2000,69.94,221.0,,4.06,,73.57,28.0
Sweden,2019,82.4,,,,,,
Sweden,2015,81.75,4.0,85.0,42.86,76.10000000000001,100.0,9.3
Sweden,2010,81.3,4.0,,38.78,75.4,100.0,10.4
Sweden,2000,79.57,5.0,,30.73,72.5,100.0,13.2
Switzerland,2019,83.45,,,,,,
Switzerland,2015,82.61,5.0,82.0,41.9,64.4,100.0,8.7
Switzerland,2010,82.19,6.0,,38.17,63.7,100.0,9.7
Switzerland,2000,79.72,7.0,,35.3,62.300000000000004,100.0,12.6
Syrian Arab Republic,2019,72.67,,,,,,
Syrian Arab Republic,2015,64.4,30.0,59.0,,,94.57,21.8
Syrian Arab Republic,2010,74.35,27.0,,14.6,77.5,93.08,22.1
Syrian Arab Republic,2000,71.46,26.0,,13.65,54.0,90.11,22.6
Tajikistan,2019,69.5,,,,,,
Tajikistan,2015,68.66,18.0,67.0,,,71.69,25.4
Tajikistan,2010,68.01,23.0,,16.98,,62.0,26.1
Tajikistan,2000,65.58,53.0,,21.72,10.9,43.47,27.3
Thailand,2019,77.7,,,,,,
Thailand,2015,77.41,38.0,75.0,4.65,17.8,99.02,14.6
Thailand,2010,76.25,42.0,,3.91,13.0,96.64,15.8
Thailand,2000,71.25,43.0,,,,91.66,19.2
Timor-Leste,2019,69.62,,,,,,
Timor-Leste,2015,68.87,160.0,49.0,6.95,0.8400000000000001,65.32,19.9
Timor-Leste,2010,68.06,219.0,,,1.4000000000000001,54.95,23.2
Timor-Leste,2000,62.67,745.0,,,,,26.8
Togo,2019,64.27,,,,,,
Togo,2015,61.92,398.0,42.0,0.49,0.22999999999999998,46.19,23.5
Togo,2010,59.33,440.0,,2.55,,40.69,24.4
Togo,2000,55.95,489.0,,,,29.6,24.9
Tonga,2019,72.57,,,,,,
Tonga,2015,72.33,54.0,56.0,,,99.77,23.5
Tonga,2010,72.22,57.0,,5.58,3.9000000000000004,98.81,24.7
Tonga,2000,70.92,77.0,,,,97.37,26.1
Trinidad and Tobago,2019,76.13,,,,,,
Trinidad and Tobago,2015,74.61,68.0,72.0,26.5,,98.18,21.5
Trinidad and Tobago,2010,72.12,71.0,,18.09,48.3,96.32,23.6
Trinidad and Tobago,2000,69.7,81.0,,10.06,43.4,91.83,28.9
Tunisia,2019,77.04,,,,,,
Tunisia,2015,76.7,46.0,70.0,13.11,23.2,87.26,16.4
Tunisia,2010,76.05,46.0,,12.22,30.4,78.91,17.5
Tunisia,2000,74.12,66.0,,7.67,20.099999999999998,70.64,19.3
Turkey,2019,78.62,,,,,,
Turkey,2015,77.79,19.0,71.0,17.99,35.099999999999994,98.63,16.4
Turkey,2010,76.89,24.0,,17.07,36.7,95.99,18.2
Turkey,2000,74.41,42.0,,13.48,34.7,89.3,22.3
Turkmenistan,2019,69.75,,,,,,
Turkmenistan,2015,69.11,8.0,69.0,,,97.01,30.6
Turkmenistan,2010,67.31,10.0,,22.74,18.2,91.31,31.0
Turkmenistan,2000,63.32,29.0,,27.48,32.5,79.15,34.0
Uganda,2019,66.69,,,,,,
Uganda,2015,64.47,387.0,44.0,0.95,0.12,38.23,21.9
Uganda,2010,59.67,430.0,,,,31.17,22.7
Uganda,2000,48.76,578.0,,,,19.18,25.9
Ukraine,2019,73.02,,,,,,
Ukraine,2015,72.2,21.0,65.0,,,91.33,25.9
Ukraine,2010,70.2,25.0,,34.83,4.0,94.34,29.3
Ukraine,2000,67.53,35.0,,30.3,3.0,94.61,34.3
United Arab Emirates,2019,76.08,,,,,,
United Arab Emirates,2015,75.31,3.0,72.0,22.11,56.7,96.77,17.0
United Arab Emirates,2010,74.86,4.0,,14.2,17.9,95.83,18.1
United Arab Emirates,2000,73.18,6.0,,18.02,43.7,95.68,21.6
United Kingdom,2019,81.4,,,,,,
United Kingdom,2015,80.65,8.0,85.0,27.47,82.6,100.0,11.2
United Kingdom,2010,80.25,10.0,,26.27,64.0,100.0,12.2
United Kingdom,2000,77.85,,,19.91,,100.0,16.4
United Republic of Tanzania,2019,67.34,,,,,,
United Republic of Tanzania,2015,65.36,556.0,,,,39.14,17.9
United Republic of Tanzania,2010,61.39,644.0,,,,31.03,17.9
United Republic of Tanzania,2000,52.47,854.0,,,,16.44,21.2
United States of America,2019,78.5,,,,,,
United States of America,2015,78.56,18.0,,25.78,,96.97,14.3
United States of America,2010,78.56,15.0,,24.35,92.5,96.97,14.5
United States of America,2000,76.69,12.0,,25.94,,99.77,18.0
Uruguay,2019,77.1,,,,,,
Uruguay,2015,77.03,18.0,79.0,,,92.64,17.1
Uruguay,2010,76.36,17.0,,,,83.9,17.7
Uruguay,2000,74.82,26.0,,,,74.61,20.6
Uzbekistan,2019,73.01,,,,,,
Uzbekistan,2015,71.45,30.0,72.0,,,95.64,24.8
Uzbekistan,2010,70.19,31.0,,25.43,3.8,93.42,26.5
Uzbekistan,2000,65.27,41.0,,29.63,2.7,75.86,29.3
Vanuatu,2019,65.31,,,,,,
Vanuatu,2015,64.64,76.0,49.0,,,86.98,23.7
Vanuatu,2010,64.52,92.0,,,,82.89,24.9
Vanuatu,2000,63.9,140.0,,,,77.99,27.9
Venezuela (Bolivarian Republic of),2019,73.95,,,,,,
Venezuela (Bolivarian Republic of),2015,74.66,115.0,73.0,,,95.83,18.2
Venezuela (Bolivarian Republic of),2010,74.79,117.0,,,,96.11,18.4
Venezuela (Bolivarian Republic of),2000,74.09,119.0,,,,96.65,21.6
Viet Nam,2019,73.74,,,,,,
Viet Nam,2015,73.16,45.0,73.0,7.96,34.0,90.73,17.3
Viet Nam,2010,72.72,47.0,,7.1,26.7,85.33,18.0
Viet Nam,2000,71.45,68.0,,,,75.54,18.6
Yemen,2019,66.63,,,,,,
Yemen,2015,67.47,169.0,40.0,,,54.7,30.7
Yemen,2010,67.7,192.0,,,4.4,43.53,31.9
Yemen,2000,62.69,301.0,,,,25.64,33.1
Zambia,2019,62.45,,,,,,
Zambia,2015,60.5,232.0,54.0,,,40.59,18.0
Zambia,2010,56.67,305.0,,0.61,2.3000000000000003,37.54,19.9
Zambia,2000,44.46,528.0,,,,30.9,23.2
Zimbabwe,2019,60.68,,,,,,
Zimbabwe,2015,58.48,480.0,54.0,1.82,1.0,51.03,19.4
Zimbabwe,2010,51.49,598.0,,1.27,0.42999999999999994,54.14,21.1
Zimbabwe,2000,46.57,579.0,,1.26,,59.88,21.6
